{"_wandb":{"runtime":7051},"_runtime":7051,"_timestamp":1.7621929120628374e+09,"_step":639,"SimCLR batch loss":2.861829776763916,"SimCLR epoch":20,"SimCLR epoch loss":2.792525291442871}