{"SimCLR batch loss":2.551078796386719e-07,"_timestamp":1.7621858273241436e+09,"_step":34,"SimCLR epoch":1,"SimCLR epoch loss":2.384185791015625e-07,"_wandb":{"runtime":453},"_runtime":453}