{"_step":9,"Classifier Train Loss":0.9393501656177716,"Classifier Train Acc":66.42828525641026,"_runtime":559,"_wandb":{"runtime":559},"Classifier Test Acc":59.18469551282051,"Epoch":10,"_timestamp":1.762204745684535e+09}